<?xml version="1.0" encoding="UTF-8"?><metadata>
    <idinfo>
        <citation>
            <citeinfo>
                <origin/>
                <pubdate>20130101</pubdate>
                <title>Maryland Archived American Community Survey Census Tracts 2009 to 2013</title>
                <onlink>https://archive.geodata.md.gov/imap/rest/services/Demographics/MD_ArchivedAmericanCommunitySurvey/FeatureServer/2</onlink>
            </citeinfo>
        </citation>
        <descript>
            <abstract>The American Community Survey (ACS) is a nationwide, continuous survey designed to provide communities with reliable and timely demographic, housing, social and economic data. The ACS replaces the decennial census long form in 2010 and every year thereafter. The annual ACS sample is smaller than that of previous long form surveys resulting in a larger sampling error. Coefficients of Variation (CVs), which are statistical measures that show the relative amount of sampling error associated with an estimate, are presented here as a measure of reliability and usability of the data. The unit of geography used for the 2009 - 2013 data is the census tract - a small statistical area within a county, which is delineated every 10 years prior to the decennial census.This is a MD iMAP hosted service. Find more information on https://imap.maryland.gov.Feature Service Link: https://archive.geodata.md.gov/imap/rest/services/Demographics/MD_ArchivedAmericanCommunitySurvey/FeatureServer/2</abstract>
            <purpose>Maryland Archived American Community Survey Census Tracts 2009 to 2013</purpose>
        </descript>
        <status>
            <update>None planned</update>
        </status>
        <keywords>
            <theme>
                <themekt>None</themekt>
                <themekey>American Community Survey</themekey>
                <themekey>ACS</themekey>
                <themekey>2008 - 2012</themekey>
                <themekey>2009 - 2013</themekey>
                <themekey>Census Tracts</themekey>
                <themekey>MDP</themekey>
                <themekey>Demographics</themekey>
                <themekey>WFS</themekey>
                <themekey>WMS</themekey>
                <themekey>Maryland</themekey>
                <themekey>MD iMAP</themekey>
                <themekey>KML</themekey>
                <themekey>ZCTA</themekey>
                <themekey>ZIP Code Tabulation Areas</themekey>
                <themekey>DEMO</themekey>
            </theme>
        </keywords>
        <accconst>None</accconst>
        <useconst>The Spatial Data, and the information therein, (collectively the "Data") is provided "as is" without warranty of any kind, either expressed, implied, or statutory. The user assumes the entire risk as to quality and performance of the Data. No guarantee of accuracy is granted, nor is any responsibility for reliance thereon assumed. In no event shall the State of Maryland be liable for direct, indirect, incidental, consequential or special damages of any kind. The State of Maryland does not accept liability for any damages or misrepresentation caused by inaccuracies in the Data or as a result to changes to the Data, nor is there responsibility assumed to maintain the Data in any manner or form. The Data can be freely distributed as long as the metadata entry is not modified or deleted. Any data derived from the Data must acknowledge the State of Maryland in the metadata.</useconst>
        <datacred>MD iMAP, MDP, Karen Maisenhalder, karen.maisenhalder@maryland.gov, U.S. Census</datacred>
    </idinfo>
    <metainfo>
        <metd>20180222</metd>
        <metc>
            <cntinfo>
                <!--no contact person or organization name available-->
            </cntinfo>
        </metc>
        <metstdn>FGDC Content Standard for Digital Geospatial Metadata</metstdn>
        <metstdv>FGDC-STD-001-1998</metstdv>
        <mettc>local time</mettc>
    </metainfo>
</metadata>
